{"cameraMode":{"drawMode":0,"name":"Shaded","section":"Shading Mode"},"sceneLighting":false,"audioPlay":false,"sceneViewState":{"m_AlwaysRefresh":false,"showFog":true,"showSkybox":true,"showFlares":true,"showImageEffects":true,"showParticleSystems":true,"showVisualEffectGraphs":true,"m_FxEnabled":true},"in2DMode":false,"pivot":{"x":20.850435256958009,"y":1.2924001216888428,"z":4.857070446014404},"rotation":{"x":0.002931640250608325,"y":-0.9911187291145325,"z":0.12464915961027146,"w":0.04643842205405235},"size":1.2808657884597779,"orthographic":false}